keyword,volume,cpc,ads_competition,intent,cluster,relevance,business_value,priority,coverage,existing_route,brand_category_gap,recommended_action,target_url,trend_change
hydraulic pump supplier,170,1.57,0.6,Transactional,"Hydraulic Pumps",5,5,A,title-partial,/products/hydraulic-pumps/,,"Optimize title/H1",/products/hydraulic-pumps/,-0.371
hydraulic pump manufacturer,170,1.57,0.6,Transactional,"Hydraulic Pumps",5,5,A,dedicated,/products/hydraulic-pumps/,,"Optimize existing page",/products/hydraulic-pumps/,-0.371
hydraulic pump replacement,50,0.32,0.73,Commercial,"Replacement & Cross-reference",5,5,A,body-partial,/products/hydraulic-pumps/,,"Optimize title/H1",/products/hydraulic-pumps/,0.770
hydraulic pump aftermarket,0,0,0,Commercial,"Replacement & Cross-reference",5,5,B,unmentioned,/products/hydraulic-pumps/,,"Add keyword coverage + internal links",/products/hydraulic-pumps/,0.000
hydraulic pump in stock,0,0,0,Transactional,"Hydraulic Pumps",5,5,B,unmentioned,/products/hydraulic-pumps/,,"Add keyword coverage + internal links",/products/hydraulic-pumps/,0.000
hydraulic piston pump,720,1,0.8,Product research,"Hydraulic Pumps",5,4,B,dedicated,/products/hydraulic-pumps/axial-piston-pumps/,,"Optimize existing page",/products/hydraulic-pumps/axial-piston-pumps/,-0.383
hydraulic piston pump supplier,10,0,0.52,Transactional,"Hydraulic Pumps",5,5,B,dedicated,/products/hydraulic-pumps/axial-piston-pumps/,,"Optimize existing page",/products/hydraulic-pumps/axial-piston-pumps/,0.200
hydraulic piston pump manufacturer,10,0,0.52,Transactional,"Hydraulic Pumps",5,5,B,title-partial,/products/hydraulic-pumps/axial-piston-pumps/,,"Optimize title/H1",/products/hydraulic-pumps/axial-piston-pumps/,0.200
hydraulic piston pump replacement,0,0,0,Commercial,"Replacement & Cross-reference",5,5,B,title-partial,/products/hydraulic-pumps/axial-piston-pumps/,,"Optimize title/H1",/products/hydraulic-pumps/axial-piston-pumps/,0.000
hydraulic piston pump aftermarket,0,0,0,Commercial,"Replacement & Cross-reference",5,5,B,title-partial,/products/hydraulic-pumps/axial-piston-pumps/,,"Optimize title/H1",/products/hydraulic-pumps/axial-piston-pumps/,0.000
hydraulic piston pump in stock,0,0,0,Transactional,"Hydraulic Pumps",5,5,B,title-partial,/products/hydraulic-pumps/axial-piston-pumps/,,"Optimize title/H1",/products/hydraulic-pumps/axial-piston-pumps/,0.000
axial piston pump,720,1.37,0.22,Product research,"Hydraulic Pumps",5,4,B,title-partial,/products/hydraulic-pumps/axial-piston-pumps/,,"Optimize title/H1",/products/hydraulic-pumps/axial-piston-pumps/,0.056
axial piston pump supplier,10,0,0,Transactional,"Hydraulic Pumps",5,5,B,title-partial,/products/hydraulic-pumps/axial-piston-pumps/,,"Optimize title/H1",/products/hydraulic-pumps/axial-piston-pumps/,0.091
axial piston pump manufacturer,0,0,0,Transactional,"Hydraulic Pumps",5,5,B,body-partial,/products/hydraulic-pumps/axial-piston-pumps/,,"Optimize title/H1",/products/hydraulic-pumps/axial-piston-pumps/,0.000
axial piston pump replacement,0,0,0,Commercial,"Replacement & Cross-reference",5,5,B,body-partial,/products/hydraulic-pumps/axial-piston-pumps/,,"Optimize title/H1",/products/hydraulic-pumps/axial-piston-pumps/,0.000
axial piston pump aftermarket,0,0,0,Commercial,"Replacement & Cross-reference",5,5,B,body-partial,/products/hydraulic-pumps/axial-piston-pumps/,,"Optimize title/H1",/products/hydraulic-pumps/axial-piston-pumps/,0.000
axial piston pump in stock,0,0,0,Transactional,"Hydraulic Pumps",5,5,B,body-partial,/products/hydraulic-pumps/axial-piston-pumps/,,"Optimize title/H1",/products/hydraulic-pumps/axial-piston-pumps/,0.000
variable displacement pump,480,0.94,0.31,Product research,"Hydraulic Pumps",3,4,A,body-partial,/products/hydraulic-pumps/,,"Optimize title/H1",/products/hydraulic-pumps/,0.012
variable displacement pump supplier,0,0,0,Transactional,"Hydraulic Pumps",3,5,B,body-partial,/products/hydraulic-pumps/,,"Optimize title/H1",/products/hydraulic-pumps/,0.000
variable displacement pump manufacturer,0,0,0,Transactional,"Hydraulic Pumps",3,5,B,body-partial,/products/hydraulic-pumps/,,"Optimize title/H1",/products/hydraulic-pumps/,0.000
variable displacement pump replacement,0,0,0,Commercial,"Replacement & Cross-reference",3,5,B,body-partial,/products/hydraulic-pumps/,,"Optimize title/H1",/products/hydraulic-pumps/,0.000
variable displacement pump aftermarket,0,0,0,Commercial,"Replacement & Cross-reference",3,5,B,body-partial,/products/hydraulic-pumps/,,"Optimize title/H1",/products/hydraulic-pumps/,0.000
variable displacement pump in stock,0,0,0,Transactional,"Hydraulic Pumps",3,5,B,body-partial,/products/hydraulic-pumps/,,"Optimize title/H1",/products/hydraulic-pumps/,0.000
hydraulic vane pump,320,0.74,1,Product research,"Hydraulic Pumps",5,4,B,dedicated,/products/hydraulic-pumps/vane-pumps/,,"Optimize existing page",/products/hydraulic-pumps/vane-pumps/,0.024
hydraulic vane pump supplier,0,0,0,Transactional,"Hydraulic Pumps",5,5,C,dedicated,/products/hydraulic-pumps/vane-pumps/,,"Optimize existing page",/products/hydraulic-pumps/vane-pumps/,0.000
hydraulic vane pump manufacturer,0,0,0,Transactional,"Hydraulic Pumps",5,5,B,title-partial,/products/hydraulic-pumps/vane-pumps/,,"Optimize title/H1",/products/hydraulic-pumps/vane-pumps/,0.000
hydraulic vane pump replacement,0,0,0,Commercial,"Replacement & Cross-reference",5,5,C,title-partial,/products/hydraulic-pumps/vane-pumps/,,"Optimize title/H1",/products/hydraulic-pumps/vane-pumps/,0.000
hydraulic vane pump aftermarket,0,0,0,Commercial,"Replacement & Cross-reference",5,5,B,title-partial,/products/hydraulic-pumps/vane-pumps/,,"Optimize title/H1",/products/hydraulic-pumps/vane-pumps/,0.000
hydraulic vane pump in stock,0,0,0,Transactional,"Hydraulic Pumps",5,5,B,title-partial,/products/hydraulic-pumps/vane-pumps/,,"Optimize title/H1",/products/hydraulic-pumps/vane-pumps/,0.000
hydraulic gear pump,1300,0.51,1,Product research,"Hydraulic Pumps",5,4,B,dedicated,/products/hydraulic-pumps/gear-pumps/,,"Optimize existing page",/products/hydraulic-pumps/gear-pumps/,-0.423
hydraulic gear pump supplier,40,2.27,0.57,Transactional,"Hydraulic Pumps",5,5,A,title-partial,/products/hydraulic-pumps/gear-pumps/,,"Optimize title/H1",/products/hydraulic-pumps/gear-pumps/,-0.721
hydraulic gear pump manufacturer,40,2.09,0.61,Transactional,"Hydraulic Pumps",5,5,A,dedicated,/products/hydraulic-pumps/gear-pumps/,,"Optimize existing page",/products/hydraulic-pumps/gear-pumps/,0.067
hydraulic gear pump replacement,0,0,0,Commercial,"Replacement & Cross-reference",5,5,B,title-partial,/products/hydraulic-pumps/gear-pumps/,,"Optimize title/H1",/products/hydraulic-pumps/gear-pumps/,0.000
hydraulic gear pump aftermarket,0,0,0,Commercial,"Replacement & Cross-reference",5,5,B,title-partial,/products/hydraulic-pumps/gear-pumps/,,"Optimize title/H1",/products/hydraulic-pumps/gear-pumps/,0.000
hydraulic gear pump in stock,0,0,0,Transactional,"Hydraulic Pumps",5,5,B,title-partial,/products/hydraulic-pumps/gear-pumps/,,"Optimize title/H1",/products/hydraulic-pumps/gear-pumps/,0.000
hydraulic motor,4400,0.24,1,Product research,"Hydraulic Motors",5,4,B,dedicated,/products/hydraulic-motors/,,"Optimize existing page",/products/hydraulic-motors/,-0.188
hydraulic motor supplier,90,1.85,0.12,Transactional,"Hydraulic Motors",5,5,A,title-partial,/products/hydraulic-motors/,,"Optimize title/H1",/products/hydraulic-motors/,-0.590
hydraulic motor manufacturer,90,1.85,0.12,Transactional,"Hydraulic Motors",5,5,B,dedicated,/products/hydraulic-motors/,,"Optimize existing page",/products/hydraulic-motors/,-0.590
hydraulic motor replacement,0,0,0,Commercial,"Replacement & Cross-reference",5,5,B,body-partial,/products/hydraulic-motors/,,"Optimize title/H1",/products/hydraulic-motors/,0.000
hydraulic motor aftermarket,0,0,0,Commercial,"Replacement & Cross-reference",5,5,B,unmentioned,/products/hydraulic-motors/,,"Add keyword coverage + internal links",/products/hydraulic-motors/,0.000
hydraulic motor in stock,0,0,0,Transactional,"Hydraulic Motors",5,5,B,unmentioned,/products/hydraulic-motors/,,"Add keyword coverage + internal links",/products/hydraulic-motors/,0.000
orbital hydraulic motor,390,0.41,1,Product research,"Hydraulic Motors",5,4,B,dedicated,/products/hydraulic-motors/orbital-hydraulic-motors/,,"Optimize existing page",/products/hydraulic-motors/orbital-hydraulic-motors/,-0.131
orbital hydraulic motor supplier,0,0,0,Transactional,"Hydraulic Motors",5,5,B,title-partial,/products/hydraulic-motors/orbital-hydraulic-motors/,,"Optimize title/H1",/products/hydraulic-motors/orbital-hydraulic-motors/,0.000
orbital hydraulic motor manufacturer,0,0,0,Transactional,"Hydraulic Motors",5,5,C,dedicated,/products/hydraulic-motors/orbital-hydraulic-motors/,,"Optimize existing page",/products/hydraulic-motors/orbital-hydraulic-motors/,0.000
orbital hydraulic motor replacement,0,0,0,Commercial,"Replacement & Cross-reference",5,5,B,title-partial,/products/hydraulic-motors/orbital-hydraulic-motors/,,"Optimize title/H1",/products/hydraulic-motors/orbital-hydraulic-motors/,0.000
orbital hydraulic motor aftermarket,0,0,0,Commercial,"Replacement & Cross-reference",5,5,B,title-partial,/products/hydraulic-motors/orbital-hydraulic-motors/,,"Optimize title/H1",/products/hydraulic-motors/orbital-hydraulic-motors/,0.000
orbital hydraulic motor in stock,0,0,0,Transactional,"Hydraulic Motors",5,5,B,title-partial,/products/hydraulic-motors/orbital-hydraulic-motors/,,"Optimize title/H1",/products/hydraulic-motors/orbital-hydraulic-motors/,0.000
radial piston motor,170,0.37,0.44,Product research,"Hydraulic Motors",3,4,B,dedicated,/products/hydraulic-motors/radial-piston-motors/,,"Optimize existing page",/products/hydraulic-motors/radial-piston-motors/,-0.707
radial piston motor supplier,0,0,0,Transactional,"Hydraulic Motors",3,5,C,dedicated,/products/hydraulic-motors/radial-piston-motors/,,"Optimize existing page",/products/hydraulic-motors/radial-piston-motors/,0.000
radial piston motor manufacturer,0,0,0,Transactional,"Hydraulic Motors",3,5,B,title-partial,/products/hydraulic-motors/radial-piston-motors/,,"Optimize title/H1",/products/hydraulic-motors/radial-piston-motors/,0.000
radial piston motor replacement,0,0,0,Commercial,"Replacement & Cross-reference",3,5,B,title-partial,/products/hydraulic-motors/radial-piston-motors/,,"Optimize title/H1",/products/hydraulic-motors/radial-piston-motors/,0.000
radial piston motor aftermarket,0,0,0,Commercial,"Replacement & Cross-reference",3,5,B,title-partial,/products/hydraulic-motors/radial-piston-motors/,,"Optimize title/H1",/products/hydraulic-motors/radial-piston-motors/,0.000
radial piston motor in stock,0,0,0,Transactional,"Hydraulic Motors",3,5,B,title-partial,/products/hydraulic-motors/radial-piston-motors/,,"Optimize title/H1",/products/hydraulic-motors/radial-piston-motors/,0.000
hydraulic valve,2400,0.38,1,Product research,"Hydraulic Valves",5,4,B,dedicated,/products/hydraulic-valves/,,"Optimize existing page",/products/hydraulic-valves/,-0.180
hydraulic valve supplier,110,1.19,0.48,Transactional,"Hydraulic Valves",5,5,A,title-partial,/products/hydraulic-valves/,,"Optimize title/H1",/products/hydraulic-valves/,-0.552
hydraulic valve manufacturer,110,1.19,0.48,Transactional,"Hydraulic Valves",5,5,A,dedicated,/products/hydraulic-valves/,,"Optimize existing page",/products/hydraulic-valves/,-0.552
hydraulic valve replacement,0,0,0,Commercial,"Replacement & Cross-reference",5,5,B,body-partial,/products/hydraulic-valves/,,"Optimize title/H1",/products/hydraulic-valves/,0.000
hydraulic valve aftermarket,0,0,0,Commercial,"Replacement & Cross-reference",5,5,B,unmentioned,/products/hydraulic-valves/,,"Add keyword coverage + internal links",/products/hydraulic-valves/,0.000
hydraulic valve in stock,0,0,0,Transactional,"Hydraulic Valves",5,5,B,unmentioned,/products/hydraulic-valves/,,"Add keyword coverage + internal links",/products/hydraulic-valves/,0.000
directional control valve,1600,0.98,1,Product research,"Hydraulic Valves",5,4,B,dedicated,/products/hydraulic-valves/solenoid-directional-valves/,,"Optimize existing page",/products/hydraulic-valves/solenoid-directional-valves/,-0.417
directional control valve supplier,10,0,0.29,Transactional,"Hydraulic Valves",5,5,B,title-partial,/products/hydraulic-valves/solenoid-directional-valves/,,"Optimize title/H1",/products/hydraulic-valves/solenoid-directional-valves/,-0.333
directional control valve manufacturer,10,0,0.29,Transactional,"Hydraulic Valves",5,5,B,dedicated,/products/hydraulic-valves/solenoid-directional-valves/,,"Optimize existing page",/products/hydraulic-valves/solenoid-directional-valves/,-0.333
directional control valve replacement,0,0,0,Commercial,"Replacement & Cross-reference",5,5,C,title-partial,/products/hydraulic-valves/solenoid-directional-valves/,,"Optimize title/H1",/products/hydraulic-valves/solenoid-directional-valves/,0.000
directional control valve aftermarket,0,0,0,Commercial,"Replacement & Cross-reference",5,5,B,title-partial,/products/hydraulic-valves/solenoid-directional-valves/,,"Optimize title/H1",/products/hydraulic-valves/solenoid-directional-valves/,0.000
directional control valve in stock,0,0,0,Transactional,"Hydraulic Valves",5,5,B,title-partial,/products/hydraulic-valves/solenoid-directional-valves/,,"Optimize title/H1",/products/hydraulic-valves/solenoid-directional-valves/,0.000
solenoid directional valve,70,1.21,0.98,Product research,"Hydraulic Valves",3,4,B,title-partial,/products/hydraulic-valves/solenoid-directional-valves/,,"Optimize title/H1",/products/hydraulic-valves/solenoid-directional-valves/,-0.023
solenoid directional valve supplier,0,0,0,Transactional,"Hydraulic Valves",3,5,B,body-partial,/products/hydraulic-valves/solenoid-directional-valves/,,"Optimize title/H1",/products/hydraulic-valves/solenoid-directional-valves/,0.000
solenoid directional valve manufacturer,0,0,0,Transactional,"Hydraulic Valves",3,5,B,title-partial,/products/hydraulic-valves/solenoid-directional-valves/,,"Optimize title/H1",/products/hydraulic-valves/solenoid-directional-valves/,0.000
solenoid directional valve replacement,0,0,0,Commercial,"Replacement & Cross-reference",3,5,B,body-partial,/products/hydraulic-valves/solenoid-directional-valves/,,"Optimize title/H1",/products/hydraulic-valves/solenoid-directional-valves/,0.000
solenoid directional valve aftermarket,0,0,0,Commercial,"Replacement & Cross-reference",3,5,B,body-partial,/products/hydraulic-valves/solenoid-directional-valves/,,"Optimize title/H1",/products/hydraulic-valves/solenoid-directional-valves/,0.000
solenoid directional valve in stock,0,0,0,Transactional,"Hydraulic Valves",3,5,B,body-partial,/products/hydraulic-valves/solenoid-directional-valves/,,"Optimize title/H1",/products/hydraulic-valves/solenoid-directional-valves/,0.000
pressure control valve,1300,0.97,0.92,Product research,"Hydraulic Valves",5,4,B,dedicated,/products/hydraulic-valves/pressure-control-valves/,,"Optimize existing page",/products/hydraulic-valves/pressure-control-valves/,-0.200
pressure control valve supplier,10,0,0.33,Transactional,"Hydraulic Valves",5,5,B,dedicated,/products/hydraulic-valves/pressure-control-valves/,,"Optimize existing page",/products/hydraulic-valves/pressure-control-valves/,0.091
pressure control valve manufacturer,10,0,0.07,Transactional,"Hydraulic Valves",5,5,B,title-partial,/products/hydraulic-valves/pressure-control-valves/,,"Optimize title/H1",/products/hydraulic-valves/pressure-control-valves/,0.091
pressure control valve replacement,0,0,0,Commercial,"Replacement & Cross-reference",5,5,B,title-partial,/products/hydraulic-valves/pressure-control-valves/,,"Optimize title/H1",/products/hydraulic-valves/pressure-control-valves/,0.000
pressure control valve aftermarket,0,0,0,Commercial,"Replacement & Cross-reference",5,5,B,title-partial,/products/hydraulic-valves/pressure-control-valves/,,"Optimize title/H1",/products/hydraulic-valves/pressure-control-valves/,0.000
pressure control valve in stock,0,0,0,Transactional,"Hydraulic Valves",5,5,B,title-partial,/products/hydraulic-valves/pressure-control-valves/,,"Optimize title/H1",/products/hydraulic-valves/pressure-control-valves/,0.000
modular hydraulic valve,0,0,0,Product research,"Hydraulic Valves",5,4,C,body-partial,/products/hydraulic-valves/modular-valves/,,"Optimize title/H1",/products/hydraulic-valves/modular-valves/,0.000
modular hydraulic valve supplier,0,0,0,Transactional,"Hydraulic Valves",5,5,B,title-partial,/products/hydraulic-valves/modular-valves/,,"Optimize title/H1",/products/hydraulic-valves/modular-valves/,0.000
modular hydraulic valve manufacturer,0,0,0,Transactional,"Hydraulic Valves",5,5,B,body-partial,/products/hydraulic-valves/modular-valves/,,"Optimize title/H1",/products/hydraulic-valves/modular-valves/,0.000
modular hydraulic valve replacement,0,0,0,Commercial,"Replacement & Cross-reference",5,5,B,body-partial,/products/hydraulic-valves/modular-valves/,,"Optimize title/H1",/products/hydraulic-valves/modular-valves/,0.000
modular hydraulic valve aftermarket,0,0,0,Commercial,"Replacement & Cross-reference",5,5,B,body-partial,/products/hydraulic-valves/modular-valves/,,"Optimize title/H1",/products/hydraulic-valves/modular-valves/,0.000
modular hydraulic valve in stock,0,0,0,Transactional,"Hydraulic Valves",5,5,B,body-partial,/products/hydraulic-valves/modular-valves/,,"Optimize title/H1",/products/hydraulic-valves/modular-valves/,0.000
hydraulic cylinder,14800,0.41,1,Product research,"Hydraulic Cylinders",5,4,B,dedicated,/products/hydraulic-cylinders/,,"Optimize existing page",/products/hydraulic-cylinders/,-0.100
hydraulic cylinder supplier,590,1.85,0.27,Transactional,"Hydraulic Cylinders",5,5,A,title-partial,/products/hydraulic-cylinders/,,"Optimize title/H1",/products/hydraulic-cylinders/,-0.086
hydraulic cylinder manufacturer,590,1.85,0.27,Transactional,"Hydraulic Cylinders",5,5,A,dedicated,/products/hydraulic-cylinders/,,"Optimize existing page",/products/hydraulic-cylinders/,-0.086
hydraulic cylinder replacement,320,0.39,0.99,Commercial,"Replacement & Cross-reference",5,5,A,body-partial,/products/hydraulic-cylinders/,,"Optimize title/H1",/products/hydraulic-cylinders/,0.021
hydraulic cylinder aftermarket,0,0,0,Commercial,"Replacement & Cross-reference",5,5,B,unmentioned,/products/hydraulic-cylinders/,,"Add keyword coverage + internal links",/products/hydraulic-cylinders/,0.000
hydraulic cylinder in stock,0,0,0,Transactional,"Hydraulic Cylinders",5,5,B,unmentioned,/products/hydraulic-cylinders/,,"Add keyword coverage + internal links",/products/hydraulic-cylinders/,0.000
custom hydraulic cylinder,210,1.95,0.7,Product research,"Hydraulic Cylinders",5,4,B,dedicated,/products/hydraulic-cylinders/custom-hydraulic-cylinders/,,"Optimize existing page",/products/hydraulic-cylinders/custom-hydraulic-cylinders/,-0.270
custom hydraulic cylinder supplier,0,0,0,Transactional,"Hydraulic Cylinders",5,5,B,title-partial,/products/hydraulic-cylinders/custom-hydraulic-cylinders/,,"Optimize title/H1",/products/hydraulic-cylinders/custom-hydraulic-cylinders/,0.000
custom hydraulic cylinder manufacturer,40,2.62,0.8,Transactional,"Hydraulic Cylinders",5,5,A,dedicated,/products/hydraulic-cylinders/custom-hydraulic-cylinders/,,"Optimize existing page",/products/hydraulic-cylinders/custom-hydraulic-cylinders/,-0.294
custom hydraulic cylinder replacement,0,0,0,Commercial,"Replacement & Cross-reference",5,5,B,title-partial,/products/hydraulic-cylinders/custom-hydraulic-cylinders/,,"Optimize title/H1",/products/hydraulic-cylinders/custom-hydraulic-cylinders/,0.000
custom hydraulic cylinder aftermarket,0,0,0,Commercial,"Replacement & Cross-reference",5,5,B,title-partial,/products/hydraulic-cylinders/custom-hydraulic-cylinders/,,"Optimize title/H1",/products/hydraulic-cylinders/custom-hydraulic-cylinders/,0.000
custom hydraulic cylinder in stock,0,0,0,Transactional,"Hydraulic Cylinders",5,5,B,title-partial,/products/hydraulic-cylinders/custom-hydraulic-cylinders/,,"Optimize title/H1",/products/hydraulic-cylinders/custom-hydraulic-cylinders/,0.000
hydraulic seal kit,320,0.6,1,Commercial,"Repair Kits & Service Parts",5,5,A,dedicated,/products/hydraulic-repair-kits/,,"Optimize existing page",/products/hydraulic-repair-kits/,-0.005
hydraulic seal kit supplier,0,0,0,Transactional,"Repair Kits & Service Parts",5,5,B,title-partial,/products/hydraulic-repair-kits/,,"Optimize title/H1",/products/hydraulic-repair-kits/,0.000
hydraulic seal kit manufacturer,0,0,0,Transactional,"Repair Kits & Service Parts",5,5,B,title-partial,/products/hydraulic-repair-kits/,,"Optimize title/H1",/products/hydraulic-repair-kits/,0.000
hydraulic seal kit replacement,0,0,0,Commercial,"Repair Kits & Service Parts",5,5,B,title-partial,/products/hydraulic-repair-kits/,,"Optimize title/H1",/products/hydraulic-repair-kits/,0.000
hydraulic seal kit aftermarket,0,0,0,Commercial,"Repair Kits & Service Parts",5,5,B,title-partial,/products/hydraulic-repair-kits/,,"Optimize title/H1",/products/hydraulic-repair-kits/,0.000
hydraulic seal kit in stock,0,0,0,Transactional,"Repair Kits & Service Parts",5,5,B,title-partial,/products/hydraulic-repair-kits/,,"Optimize title/H1",/products/hydraulic-repair-kits/,0.000
hydraulic repair kit,140,0.27,0.85,Commercial,"Repair Kits & Service Parts",5,5,B,title-partial,/products/hydraulic-repair-kits/,,"Optimize title/H1",/products/hydraulic-repair-kits/,0.084
hydraulic repair kit supplier,0,0,0,Transactional,"Repair Kits & Service Parts",5,5,B,title-partial,/products/hydraulic-repair-kits/,,"Optimize title/H1",/products/hydraulic-repair-kits/,0.000
hydraulic repair kit manufacturer,0,0,0,Transactional,"Repair Kits & Service Parts",5,5,B,title-partial,/products/hydraulic-repair-kits/,,"Optimize title/H1",/products/hydraulic-repair-kits/,0.000
hydraulic repair kit replacement,0,0,0,Commercial,"Repair Kits & Service Parts",5,5,B,title-partial,/products/hydraulic-repair-kits/,,"Optimize title/H1",/products/hydraulic-repair-kits/,0.000
hydraulic repair kit aftermarket,0,0,0,Commercial,"Repair Kits & Service Parts",5,5,B,title-partial,/products/hydraulic-repair-kits/,,"Optimize title/H1",/products/hydraulic-repair-kits/,0.000
hydraulic repair kit in stock,0,0,0,Transactional,"Repair Kits & Service Parts",5,5,B,title-partial,/products/hydraulic-repair-kits/,,"Optimize title/H1",/products/hydraulic-repair-kits/,0.000
hydraulic pump parts supplier,10,0,0,Transactional,"Hydraulic Pumps",5,5,B,title-partial,/products/hydraulic-pumps/,,"Optimize title/H1",/products/hydraulic-pumps/,-0.200
hydraulic pump parts manufacturer,10,0,0.22,Transactional,"Hydraulic Pumps",5,5,B,title-partial,/products/hydraulic-pumps/,,"Optimize title/H1",/products/hydraulic-pumps/,-0.143
hydraulic pump parts replacement,0,0,0,Commercial,"Replacement & Cross-reference",5,5,B,body-partial,/products/hydraulic-pumps/,,"Optimize title/H1",/products/hydraulic-pumps/,0.000
hydraulic pump parts aftermarket,0,0,0,Commercial,"Replacement & Cross-reference",5,5,B,body-partial,/products/hydraulic-pumps/,,"Optimize title/H1",/products/hydraulic-pumps/,0.000
hydraulic pump parts in stock,0,0,0,Transactional,"Hydraulic Pumps",5,5,B,body-partial,/products/hydraulic-pumps/,,"Optimize title/H1",/products/hydraulic-pumps/,0.000
hydraulic motor parts,70,1.36,0.84,Commercial,"Hydraulic Motors",5,5,B,body-only,/products/hydraulic-motors/,,"Optimize title/H1",/products/hydraulic-motors/,-0.586
hydraulic motor parts supplier,0,0,0,Transactional,"Hydraulic Motors",5,5,B,title-partial,/products/hydraulic-motors/,,"Optimize title/H1",/products/hydraulic-motors/,0.000
hydraulic motor parts manufacturer,0,0,0,Transactional,"Hydraulic Motors",5,5,B,title-partial,/products/hydraulic-motors/,,"Optimize title/H1",/products/hydraulic-motors/,0.000
hydraulic motor parts replacement,0,0,0,Commercial,"Replacement & Cross-reference",5,5,B,body-partial,/products/hydraulic-motors/,,"Optimize title/H1",/products/hydraulic-motors/,0.000
hydraulic motor parts aftermarket,0,0,0,Commercial,"Replacement & Cross-reference",5,5,B,body-partial,/products/hydraulic-motors/,,"Optimize title/H1",/products/hydraulic-motors/,0.000
hydraulic motor parts in stock,0,0,0,Transactional,"Hydraulic Motors",5,5,B,body-partial,/products/hydraulic-motors/,,"Optimize title/H1",/products/hydraulic-motors/,0.000
hydraulic valve parts,70,0.25,0.99,Commercial,"Hydraulic Valves",5,5,B,body-only,/products/hydraulic-valves/,,"Optimize title/H1",/products/hydraulic-valves/,0.174
hydraulic valve parts supplier,0,0,0,Transactional,"Hydraulic Valves",5,5,B,title-partial,/products/hydraulic-valves/,,"Optimize title/H1",/products/hydraulic-valves/,0.000
hydraulic valve parts manufacturer,0,0,0,Transactional,"Hydraulic Valves",5,5,B,title-partial,/products/hydraulic-valves/,,"Optimize title/H1",/products/hydraulic-valves/,0.000
hydraulic valve parts replacement,0,0,0,Commercial,"Replacement & Cross-reference",5,5,B,body-partial,/products/hydraulic-valves/,,"Optimize title/H1",/products/hydraulic-valves/,0.000
hydraulic valve parts aftermarket,0,0,0,Commercial,"Replacement & Cross-reference",5,5,B,body-partial,/products/hydraulic-valves/,,"Optimize title/H1",/products/hydraulic-valves/,0.000
hydraulic valve parts in stock,0,0,0,Transactional,"Hydraulic Valves",5,5,B,body-partial,/products/hydraulic-valves/,,"Optimize title/H1",/products/hydraulic-valves/,0.000
bosch rexroth hydraulic pump,720,1.07,1,Product research,"Hydraulic Pumps",5,4,A,dedicated,/brands/bosch-rexroth/hydraulic-pumps/,"bosch rexroth ? pump","Optimize existing page",/brands/bosch-rexroth/hydraulic-pumps/,-0.042
bosch rexroth hydraulic motor,110,0.97,0.92,Product research,"Hydraulic Motors",5,4,B,dedicated,/brands/bosch-rexroth/hydraulic-motors/,"bosch rexroth ? motor","Optimize existing page",/brands/bosch-rexroth/hydraulic-motors/,-0.150
bosch rexroth hydraulic valve,0,0,0,Product research,"Hydraulic Valves",5,4,C,dedicated,/brands/bosch-rexroth/hydraulic-valves/,"bosch rexroth ? valve","Optimize existing page",/brands/bosch-rexroth/hydraulic-valves/,0.000
bosch rexroth replacement,0,0,0,Commercial,"Replacement & Cross-reference",4,5,B,title-partial,/brands/bosch-rexroth/,,"Optimize title/H1",/brands/bosch-rexroth/,0.000
bosch rexroth parts,90,1.15,0.67,Commercial,"Brand Coverage",4,5,A,unmentioned,/brands/bosch-rexroth/hydraulic-repair-kits/,"bosch rexroth ? parts","Add keyword coverage + internal links",/brands/bosch-rexroth/hydraulic-repair-kits/,-0.250
eaton vickers hydraulic pump,390,1.14,1,Product research,"Hydraulic Pumps",5,4,A,unmentioned,/brands/eaton-vickers/hydraulic-pumps/,"eaton vickers ? pump","Add keyword coverage + internal links",/brands/eaton-vickers/hydraulic-pumps/,-0.127
eaton vickers hydraulic motor,0,0,0,Product research,"Hydraulic Motors",5,4,C,brand-category-gap,/products/hydraulic-motors/,"eaton vickers ? motor","Create brand?category page",/brands/eaton-vickers/motor/,0.000
eaton vickers hydraulic valve,0,0,0,Product research,"Hydraulic Valves",5,4,C,unmentioned,/brands/eaton-vickers/hydraulic-valves/,"eaton vickers ? valve","Add keyword coverage + internal links",/brands/eaton-vickers/hydraulic-valves/,0.000
eaton vickers replacement,0,0,0,Commercial,"Replacement & Cross-reference",4,5,B,title-partial,/brands/eaton-vickers/,,"Optimize title/H1",/brands/eaton-vickers/,0.000
eaton vickers parts,10,0,0.2,Commercial,"Brand Coverage",4,5,B,unmentioned,/brands/eaton-vickers/hydraulic-repair-kits/,"eaton vickers ? parts","Add keyword coverage + internal links",/brands/eaton-vickers/hydraulic-repair-kits/,0.333
parker hydraulic pump,1300,1.24,0.98,Product research,"Hydraulic Pumps",5,4,A,dedicated,/brands/parker/hydraulic-pumps/,"parker ? pump","Optimize existing page",/brands/parker/hydraulic-pumps/,-0.048
parker hydraulic motor,390,1.09,1,Product research,"Hydraulic Motors",5,4,A,dedicated,/brands/parker/hydraulic-motors/,"parker ? motor","Optimize existing page",/brands/parker/hydraulic-motors/,-0.088
parker hydraulic valve,320,1.16,0.83,Product research,"Hydraulic Valves",5,4,A,dedicated,/brands/parker/hydraulic-valves/,"parker ? valve","Optimize existing page",/brands/parker/hydraulic-valves/,0.035
parker replacement,10,0,0,Commercial,"Replacement & Cross-reference",2,1,D,title-partial,/brands/parker/,,"Optimize title/H1",/brands/parker/,0.091
parker parts,140,0.99,0.92,Commercial,"Brand Coverage",2,1,D,unmentioned,/brands/parker/hydraulic-repair-kits/,"parker ? parts","Add keyword coverage + internal links",/brands/parker/hydraulic-repair-kits/,0.127
danfoss sundstrand hydraulic pump,0,0,0,Product research,"Hydraulic Pumps",5,4,C,unmentioned,/brands/danfoss-sundstrand/hydraulic-pumps/,"danfoss sundstrand ? pump","Add keyword coverage + internal links",/brands/danfoss-sundstrand/hydraulic-pumps/,0.000
danfoss sundstrand hydraulic motor,0,0,0,Product research,"Hydraulic Motors",5,4,C,unmentioned,/brands/danfoss-sundstrand/hydraulic-motors/,"danfoss sundstrand ? motor","Add keyword coverage + internal links",/brands/danfoss-sundstrand/hydraulic-motors/,0.000
danfoss sundstrand hydraulic valve,0,0,0,Product research,"Hydraulic Valves",5,4,C,unmentioned,/brands/danfoss-sundstrand/hydraulic-valves/,"danfoss sundstrand ? valve","Add keyword coverage + internal links",/brands/danfoss-sundstrand/hydraulic-valves/,0.000
danfoss sundstrand replacement,0,0,0,Commercial,"Replacement & Cross-reference",4,5,B,body-partial,/brands/danfoss-sundstrand/,,"Optimize title/H1",/brands/danfoss-sundstrand/,0.000
danfoss sundstrand parts,0,0,0,Commercial,"Brand Coverage",4,5,B,unmentioned,/brands/danfoss-sundstrand/hydraulic-repair-kits/,"danfoss sundstrand ? parts","Add keyword coverage + internal links",/brands/danfoss-sundstrand/hydraulic-repair-kits/,0.000
denison hydraulic pump,50,1.89,0.69,Product research,"Hydraulic Pumps",5,4,B,dedicated,/brands/denison/hydraulic-pumps/,"denison ? pump","Optimize existing page",/brands/denison/hydraulic-pumps/,-0.130
denison hydraulic motor,10,0,0.78,Product research,"Hydraulic Motors",5,4,B,dedicated,/brands/denison/hydraulic-motors/,"denison ? motor","Optimize existing page",/brands/denison/hydraulic-motors/,-0.077
denison hydraulic valve,10,0,0.19,Product research,"Hydraulic Valves",5,4,B,brand-category-gap,/products/hydraulic-valves/,"denison ? valve","Create brand?category page",/brands/denison/valve/,-0.077
denison replacement,0,0,0,Commercial,"Replacement & Cross-reference",2,1,D,title-partial,/brands/denison/,,"Optimize title/H1",/brands/denison/,0.000
denison parts,10,0,0.35,Commercial,"Brand Coverage",2,1,D,unmentioned,/brands/denison/hydraulic-repair-kits/,"denison ? parts","Add keyword coverage + internal links",/brands/denison/hydraulic-repair-kits/,0.000
kawasaki hydraulic pump,90,1.83,0.77,Product research,"Hydraulic Pumps",5,4,B,dedicated,/brands/kawasaki/hydraulic-pumps/,"kawasaki ? pump","Optimize existing page",/brands/kawasaki/hydraulic-pumps/,-0.294
kawasaki hydraulic motor,20,1.37,0.41,Product research,"Hydraulic Motors",5,4,B,dedicated,/brands/kawasaki/hydraulic-motors/,"kawasaki ? motor","Optimize existing page",/brands/kawasaki/hydraulic-motors/,-0.294
kawasaki hydraulic valve,10,0,0,Product research,"Hydraulic Valves",5,4,B,brand-category-gap,/products/hydraulic-valves/,"kawasaki ? valve","Create brand?category page",/brands/kawasaki/valve/,-1.000
kawasaki replacement,0,0,0,Commercial,"Replacement & Cross-reference",2,1,D,body-partial,/brands/kawasaki/,,"Optimize title/H1",/brands/kawasaki/,0.000
kawasaki parts,6600,0.46,0.75,Commercial,"Brand Coverage",2,1,D,brand-category-gap,/brands/kawasaki/,"kawasaki ? parts","Create brand?category page",/brands/kawasaki/parts/,0.172
yuken hydraulic pump,10,1.4,0.67,Product research,"Hydraulic Pumps",5,4,B,dedicated,/brands/yuken/hydraulic-pumps/,"yuken ? pump","Optimize existing page",/brands/yuken/hydraulic-pumps/,0.500
yuken hydraulic motor,10,0,0,Product research,"Hydraulic Motors",5,4,B,brand-category-gap,/products/hydraulic-motors/,"yuken ? motor","Create brand?category page",/brands/yuken/motor/,-1.000
yuken hydraulic valve,20,0,0.73,Product research,"Hydraulic Valves",5,4,B,dedicated,/brands/yuken/hydraulic-valves/,"yuken ? valve","Optimize existing page",/brands/yuken/hydraulic-valves/,-0.455
yuken replacement,0,0,0,Commercial,"Replacement & Cross-reference",4,5,B,title-partial,/brands/yuken/,,"Optimize title/H1",/brands/yuken/,0.000
yuken parts,0,0,0,Commercial,"Brand Coverage",4,5,B,brand-category-gap,/brands/yuken/,"yuken ? parts","Create brand?category page",/brands/yuken/parts/,0.000
nachi hydraulic pump,40,1.39,1,Product research,"Hydraulic Pumps",5,4,B,dedicated,/brands/nachi/hydraulic-pumps/,"nachi ? pump","Optimize existing page",/brands/nachi/hydraulic-pumps/,0.091
nachi hydraulic motor,10,0,1,Product research,"Hydraulic Motors",5,4,B,brand-category-gap,/products/hydraulic-motors/,"nachi ? motor","Create brand?category page",/brands/nachi/motor/,0.000
nachi hydraulic valve,30,1.57,0.82,Product research,"Hydraulic Valves",5,4,B,dedicated,/brands/nachi/hydraulic-valves/,"nachi ? valve","Optimize existing page",/brands/nachi/hydraulic-valves/,-0.400
nachi replacement,0,0,0,Commercial,"Replacement & Cross-reference",2,1,D,title-partial,/brands/nachi/,,"Optimize title/H1",/brands/nachi/,0.000
nachi parts,10,0,0,Commercial,"Brand Coverage",2,1,D,brand-category-gap,/brands/nachi/,"nachi ? parts","Create brand?category page",/brands/nachi/parts/,0.000
linde hydraulic pump,40,1.86,0.76,Product research,"Hydraulic Pumps",5,4,B,dedicated,/brands/linde/hydraulic-pumps/,"linde ? pump","Optimize existing page",/brands/linde/hydraulic-pumps/,-0.520
linde hydraulic motor,30,1.77,0.54,Product research,"Hydraulic Motors",5,4,A,dedicated,/brands/linde/hydraulic-motors/,"linde ? motor","Optimize existing page",/brands/linde/hydraulic-motors/,0.455
linde hydraulic valve,0,0,0,Product research,"Hydraulic Valves",5,4,C,brand-category-gap,/products/hydraulic-valves/,"linde ? valve","Create brand?category page",/brands/linde/valve/,0.000
linde replacement,0,0,0,Commercial,"Replacement & Cross-reference",2,1,D,title-partial,/brands/linde/,,"Optimize title/H1",/brands/linde/,0.000
linde parts,40,1.8,0.39,Commercial,"Brand Coverage",2,1,D,brand-category-gap,/brands/linde/,"linde ? parts","Create brand?category page",/brands/linde/parts/,-0.415
atos hydraulic pump,10,0,0.64,Product research,"Hydraulic Pumps",5,4,B,dedicated,/brands/atos/hydraulic-pumps/,"atos ? pump","Optimize existing page",/brands/atos/hydraulic-pumps/,-0.077
atos hydraulic motor,0,0,0,Product research,"Hydraulic Motors",5,4,C,brand-category-gap,/products/hydraulic-motors/,"atos ? motor","Create brand?category page",/brands/atos/motor/,0.000
atos hydraulic valve,170,2.17,0.55,Product research,"Hydraulic Valves",5,4,A,dedicated,/brands/atos/hydraulic-valves/,"atos ? valve","Optimize existing page",/brands/atos/hydraulic-valves/,0.120
atos replacement,0,0,0,Commercial,"Replacement & Cross-reference",4,5,B,title-partial,/brands/atos/,,"Optimize title/H1",/brands/atos/,0.000
atos parts,0,0,0,Commercial,"Brand Coverage",4,5,B,brand-category-gap,/brands/atos/,"atos ? parts","Create brand?category page",/brands/atos/parts/,0.000
hawe hydraulic pump,20,1.37,0.51,Product research,"Hydraulic Pumps",5,4,B,dedicated,/brands/hawe/hydraulic-pumps/,"hawe ? pump","Optimize existing page",/brands/hawe/hydraulic-pumps/,-0.143
hawe hydraulic motor,0,0,0,Product research,"Hydraulic Motors",5,4,C,brand-category-gap,/products/hydraulic-motors/,"hawe ? motor","Create brand?category page",/brands/hawe/motor/,0.000
hawe hydraulic valve,110,1.49,0.91,Product research,"Hydraulic Valves",5,4,A,dedicated,/brands/hawe/hydraulic-valves/,"hawe ? valve","Optimize existing page",/brands/hawe/hydraulic-valves/,-0.015
hawe replacement,0,0,0,Commercial,"Replacement & Cross-reference",2,1,D,title-partial,/brands/hawe/,,"Optimize title/H1",/brands/hawe/,0.000
hawe parts,10,0,0.12,Commercial,"Brand Coverage",2,1,D,brand-category-gap,/brands/hawe/,"hawe ? parts","Create brand?category page",/brands/hawe/parts/,0.091
moog hydraulic pump,10,0,0.54,Product research,"Hydraulic Pumps",5,4,B,dedicated,/brands/moog/hydraulic-pumps/,"moog ? pump","Optimize existing page",/brands/moog/hydraulic-pumps/,-0.143
moog hydraulic motor,0,0,0,Product research,"Hydraulic Motors",5,4,C,brand-category-gap,/products/hydraulic-motors/,"moog ? motor","Create brand?category page",/brands/moog/motor/,0.000
moog hydraulic valve,10,0,0.65,Product research,"Hydraulic Valves",5,4,B,dedicated,/brands/moog/hydraulic-valves/,"moog ? valve","Optimize existing page",/brands/moog/hydraulic-valves/,0.000
moog replacement,0,0,0,Commercial,"Replacement & Cross-reference",2,1,D,title-partial,/brands/moog/,,"Optimize title/H1",/brands/moog/,0.000
moog parts,30,0.29,0.61,Commercial,"Brand Coverage",2,1,D,unmentioned,/brands/moog/hydraulic-repair-kits/,"moog ? parts","Add keyword coverage + internal links",/brands/moog/hydraulic-repair-kits/,0.263
poclain hydraulic pump,10,0,0.26,Product research,"Hydraulic Pumps",5,4,B,dedicated,/brands/poclain/hydraulic-pumps/,"poclain ? pump","Optimize existing page",/brands/poclain/hydraulic-pumps/,-0.143
poclain hydraulic motor,110,2.68,0.76,Product research,"Hydraulic Motors",5,4,A,dedicated,/brands/poclain/hydraulic-motors/,"poclain ? motor","Optimize existing page",/brands/poclain/hydraulic-motors/,-0.217
poclain hydraulic valve,0,0,0,Product research,"Hydraulic Valves",5,4,C,dedicated,/brands/poclain/hydraulic-valves/,"poclain ? valve","Optimize existing page",/brands/poclain/hydraulic-valves/,0.000
poclain replacement,0,0,0,Commercial,"Replacement & Cross-reference",2,1,D,title-partial,/brands/poclain/,,"Optimize title/H1",/brands/poclain/,0.000
poclain parts,40,1.23,0.92,Commercial,"Brand Coverage",2,1,D,unmentioned,/brands/poclain/hydraulic-repair-kits/,"poclain ? parts","Add keyword coverage + internal links",/brands/poclain/hydraulic-repair-kits/,-0.294
bucher hydraulic pump,590,0.72,1,Product research,"Hydraulic Pumps",5,4,A,dedicated,/brands/bucher/hydraulic-pumps/,"bucher ? pump","Optimize existing page",/brands/bucher/hydraulic-pumps/,-0.068
bucher hydraulic motor,30,0.46,1,Product research,"Hydraulic Motors",5,4,B,dedicated,/brands/bucher/hydraulic-motors/,"bucher ? motor","Optimize existing page",/brands/bucher/hydraulic-motors/,-0.172
bucher hydraulic valve,140,1.16,1,Product research,"Hydraulic Valves",5,4,A,dedicated,/brands/bucher/hydraulic-valves/,"bucher ? valve","Optimize existing page",/brands/bucher/hydraulic-valves/,-0.083
bucher replacement,0,0,0,Commercial,"Replacement & Cross-reference",2,1,D,body-partial,/brands/bucher/,,"Optimize title/H1",/brands/bucher/,0.000
bucher parts,10,0,0.09,Commercial,"Brand Coverage",2,1,D,unmentioned,/brands/bucher/hydraulic-repair-kits/,"bucher ? parts","Add keyword coverage + internal links",/brands/bucher/hydraulic-repair-kits/,0.000
casappa hydraulic pump,260,0.95,1,Product research,"Hydraulic Pumps",5,4,B,dedicated,/brands/casappa/hydraulic-pumps/,"casappa ? pump","Optimize existing page",/brands/casappa/hydraulic-pumps/,-0.049
casappa hydraulic motor,50,1.16,1,Product research,"Hydraulic Motors",5,4,B,dedicated,/brands/casappa/hydraulic-motors/,"casappa ? motor","Optimize existing page",/brands/casappa/hydraulic-motors/,-0.094
casappa hydraulic valve,0,0,0,Product research,"Hydraulic Valves",5,4,C,brand-category-gap,/products/hydraulic-valves/,"casappa ? valve","Create brand?category page",/brands/casappa/valve/,0.000
casappa replacement,0,0,0,Commercial,"Replacement & Cross-reference",2,1,D,body-partial,/brands/casappa/,,"Optimize title/H1",/brands/casappa/,0.000
casappa parts,10,0,0.62,Commercial,"Brand Coverage",2,1,D,brand-category-gap,/brands/casappa/,"casappa ? parts","Create brand?category page",/brands/casappa/parts/,-0.077
hydac hydraulic pump,30,0.67,0.73,Product research,"Hydraulic Pumps",5,4,B,brand-category-gap,/products/hydraulic-pumps/,"hydac ? pump","Create brand?category page",/brands/hydac/pump/,0.029
hydac hydraulic motor,10,0,1,Product research,"Hydraulic Motors",5,4,B,brand-category-gap,/products/hydraulic-motors/,"hydac ? motor","Create brand?category page",/brands/hydac/motor/,0.091
hydac hydraulic valve,0,0,0,Product research,"Hydraulic Valves",5,4,C,dedicated,/brands/hydac/hydraulic-valves/,"hydac ? valve","Optimize existing page",/brands/hydac/hydraulic-valves/,0.000
hydac replacement,0,0,0,Commercial,"Replacement & Cross-reference",2,1,D,title-partial,/brands/hydac/,,"Optimize title/H1",/brands/hydac/,0.000
hydac parts,20,1.02,0.72,Commercial,"Brand Coverage",2,1,D,brand-category-gap,/brands/hydac/,"hydac ? parts","Create brand?category page",/brands/hydac/parts/,-0.500
caterpillar hydraulic pump,110,1.07,0.92,Product research,"Hydraulic Pumps",5,5,A,dedicated,/brands/caterpillar/hydraulic-pumps/,"caterpillar ? pump","Optimize existing page",/brands/caterpillar/hydraulic-pumps/,-0.565
caterpillar hydraulic motor,20,0,0.45,Product research,"Hydraulic Motors",5,4,B,brand-category-gap,/products/hydraulic-motors/,"caterpillar ? motor","Create brand?category page",/brands/caterpillar/motor/,0.440
caterpillar hydraulic valve,10,0,0.16,Product research,"Hydraulic Valves",5,4,B,brand-category-gap,/products/hydraulic-valves/,"caterpillar ? valve","Create brand?category page",/brands/caterpillar/valve/,-0.077
caterpillar replacement,50,0,0.19,Commercial,"Replacement & Cross-reference",2,1,D,gap,,,"Create landing page",,-0.806
caterpillar parts,18100,2.97,0.4,Commercial,"Brand Coverage",2,1,D,body-partial,/brands/caterpillar/hydraulic-repair-kits/,"caterpillar ? parts","Optimize title/H1",/brands/caterpillar/hydraulic-repair-kits/,-0.057
a10vo,10,0,0.26,Product research,"Hydraulic Pumps",5,5,B,dedicated,/series/a10vo/,,"Optimize existing page",/series/a10vo/,-0.077
a10vo replacement,0,0,0,Commercial,"Replacement & Cross-reference",5,5,B,body-partial,/series/a10vo/,,"Optimize title/H1",/series/a10vo/,0.000
a10vo supplier,0,0,0,Transactional,"Hydraulic Pumps",5,5,B,body-partial,/series/a10vo/,,"Optimize title/H1",/series/a10vo/,0.000
a10vo parts,0,0,0,Commercial,"Hydraulic Pumps",5,5,B,body-partial,/series/a10vo/,,"Optimize title/H1",/series/a10vo/,0.000
a10vo seal kit,0,0,0,Commercial,"Repair Kits & Service Parts",5,5,B,unmentioned,/series/a10vo/,,"Add keyword coverage + internal links",/series/a10vo/,0.000
a10vo equivalent,0,0,0,Commercial,"Replacement & Cross-reference",5,5,B,unmentioned,/series/a10vo/,,"Add keyword coverage + internal links",/series/a10vo/,0.000
a10vso,30,0,0.68,Product research,"Hydraulic Pumps",5,5,B,dedicated,/models/bosch-rexroth-a10vso18-drg-31r-vpa12n00/,,"Optimize existing page",/models/bosch-rexroth-a10vso18-drg-31r-vpa12n00/,-0.368
a10vso replacement,0,0,0,Commercial,"Replacement & Cross-reference",5,5,C,body-only,/models/bosch-rexroth-a10vso18-drg-31r-vpa12n00/,,"Optimize title/H1",/models/bosch-rexroth-a10vso18-drg-31r-vpa12n00/,0.000
a10vso supplier,0,0,0,Transactional,"Hydraulic Pumps",5,5,B,unmentioned,/models/bosch-rexroth-a10vso18-drg-31r-vpa12n00/,,"Add keyword coverage + internal links",/models/bosch-rexroth-a10vso18-drg-31r-vpa12n00/,0.000
a10vso parts,0,0,0,Commercial,"Hydraulic Pumps",5,5,B,body-partial,/models/bosch-rexroth-a10vso18-drg-31r-vpa12n00/,,"Optimize title/H1",/models/bosch-rexroth-a10vso18-drg-31r-vpa12n00/,0.000
a10vso seal kit,0,0,0,Commercial,"Repair Kits & Service Parts",5,5,B,body-partial,/models/bosch-rexroth-a10vso18-drg-31r-vpa12n00/,,"Optimize title/H1",/models/bosch-rexroth-a10vso18-drg-31r-vpa12n00/,0.000
a10vso equivalent,0,0,0,Commercial,"Replacement & Cross-reference",5,5,B,unmentioned,/models/bosch-rexroth-a10vso18-drg-31r-vpa12n00/,,"Add keyword coverage + internal links",/models/bosch-rexroth-a10vso18-drg-31r-vpa12n00/,0.000
a4vso,10,0,0.45,Product research,"Hydraulic Pumps",5,5,B,dedicated,/series/a4vso/,,"Optimize existing page",/series/a4vso/,-0.333
a4vso replacement,0,0,0,Commercial,"Replacement & Cross-reference",5,5,B,body-partial,/series/a4vso/,,"Optimize title/H1",/series/a4vso/,0.000
a4vso supplier,0,0,0,Transactional,"Hydraulic Pumps",5,5,B,body-partial,/series/a4vso/,,"Optimize title/H1",/series/a4vso/,0.000
a4vso parts,0,0,0,Commercial,"Hydraulic Pumps",5,5,B,body-partial,/series/a4vso/,,"Optimize title/H1",/series/a4vso/,0.000
a4vso seal kit,0,0,0,Commercial,"Repair Kits & Service Parts",5,5,B,unmentioned,/series/a4vso/,,"Add keyword coverage + internal links",/series/a4vso/,0.000
a4vso equivalent,0,0,0,Commercial,"Replacement & Cross-reference",5,5,B,unmentioned,/series/a4vso/,,"Add keyword coverage + internal links",/series/a4vso/,0.000
aa10vo,0,0,0,Product research,"Technical / Other",5,5,C,dedicated,/series/aa10vo/,,"Optimize existing page",/series/aa10vo/,0.000
aa10vo replacement,0,0,0,Commercial,"Replacement & Cross-reference",5,5,B,body-partial,/series/aa10vo/,,"Optimize title/H1",/series/aa10vo/,0.000
aa10vo supplier,0,0,0,Transactional,"Technical / Other",5,5,B,body-partial,/series/aa10vo/,,"Optimize title/H1",/series/aa10vo/,0.000
aa10vo parts,0,0,0,Commercial,"Technical / Other",5,5,B,body-partial,/series/aa10vo/,,"Optimize title/H1",/series/aa10vo/,0.000
aa10vo seal kit,0,0,0,Commercial,"Repair Kits & Service Parts",5,5,B,unmentioned,/series/aa10vo/,,"Add keyword coverage + internal links",/series/aa10vo/,0.000
aa10vo equivalent,0,0,0,Commercial,"Replacement & Cross-reference",5,5,B,unmentioned,/series/aa10vo/,,"Add keyword coverage + internal links",/series/aa10vo/,0.000
aa10vso,10,0,0.34,Product research,"Technical / Other",5,5,B,dedicated,/series/aa10vso/,,"Optimize existing page",/series/aa10vso/,-0.077
aa10vso replacement,0,0,0,Commercial,"Replacement & Cross-reference",5,5,B,body-partial,/series/aa10vso/,,"Optimize title/H1",/series/aa10vso/,0.000
aa10vso supplier,0,0,0,Transactional,"Technical / Other",5,5,B,body-partial,/series/aa10vso/,,"Optimize title/H1",/series/aa10vso/,0.000
aa10vso parts,0,0,0,Commercial,"Technical / Other",5,5,B,body-partial,/series/aa10vso/,,"Optimize title/H1",/series/aa10vso/,0.000
aa10vso seal kit,0,0,0,Commercial,"Repair Kits & Service Parts",5,5,B,unmentioned,/series/aa10vso/,,"Add keyword coverage + internal links",/series/aa10vso/,0.000
aa10vso equivalent,0,0,0,Commercial,"Replacement & Cross-reference",5,5,B,unmentioned,/series/aa10vso/,,"Add keyword coverage + internal links",/series/aa10vso/,0.000
a4vg,10,0,0.05,Product research,"Hydraulic Pumps",5,5,B,dedicated,/series/a4vg/,,"Optimize existing page",/series/a4vg/,-0.250
a4vg replacement,0,0,0,Commercial,"Replacement & Cross-reference",5,5,B,unmentioned,/series/a4vg/,,"Add keyword coverage + internal links",/series/a4vg/,0.000
a4vg supplier,0,0,0,Transactional,"Hydraulic Pumps",5,5,B,body-partial,/series/a4vg/,,"Optimize title/H1",/series/a4vg/,0.000
a4vg parts,0,0,0,Commercial,"Hydraulic Pumps",5,5,B,body-partial,/series/a4vg/,,"Optimize title/H1",/series/a4vg/,0.000
a4vg seal kit,0,0,0,Commercial,"Repair Kits & Service Parts",5,5,B,body-partial,/series/a4vg/,,"Optimize title/H1",/series/a4vg/,0.000
a4vg equivalent,0,0,0,Commercial,"Replacement & Cross-reference",5,5,B,unmentioned,/series/a4vg/,,"Add keyword coverage + internal links",/series/a4vg/,0.000
a10v,10,0,0.21,Product research,"Hydraulic Pumps",1,1,D,excluded,/series/a10v/,,"Exclude / qualify",,0.412
a10v replacement,0,0,0,Commercial,"Replacement & Cross-reference",5,5,B,unmentioned,/series/a10v/,,"Add keyword coverage + internal links",/series/a10v/,0.000
a10v supplier,0,0,0,Transactional,"Hydraulic Pumps",5,5,B,body-partial,/series/a10v/,,"Optimize title/H1",/series/a10v/,0.000
a10v parts,0,0,0,Commercial,"Hydraulic Pumps",5,5,B,body-partial,/series/a10v/,,"Optimize title/H1",/series/a10v/,0.000
a10v seal kit,0,0,0,Commercial,"Repair Kits & Service Parts",5,5,B,body-partial,/series/a10v/,,"Optimize title/H1",/series/a10v/,0.000
a10v equivalent,0,0,0,Commercial,"Replacement & Cross-reference",5,5,B,unmentioned,/series/a10v/,,"Add keyword coverage + internal links",/series/a10v/,0.000
ap2d,0,0,0,Product research,"Technical / Other",1,1,D,excluded,/series/ap2d/,,"Exclude / qualify",,0.000
ap2d replacement,0,0,0,Commercial,"Replacement & Cross-reference",5,5,B,unmentioned,/series/ap2d/,,"Add keyword coverage + internal links",/series/ap2d/,0.000
ap2d supplier,0,0,0,Transactional,"Technical / Other",5,5,B,body-partial,/series/ap2d/,,"Optimize title/H1",/series/ap2d/,0.000
ap2d parts,0,0,0,Commercial,"Technical / Other",5,5,B,body-partial,/series/ap2d/,,"Optimize title/H1",/series/ap2d/,0.000
ap2d seal kit,0,0,0,Commercial,"Repair Kits & Service Parts",5,5,B,body-partial,/series/ap2d/,,"Optimize title/H1",/series/ap2d/,0.000
ap2d equivalent,0,0,0,Commercial,"Replacement & Cross-reference",5,5,B,unmentioned,/series/ap2d/,,"Add keyword coverage + internal links",/series/ap2d/,0.000
pvh,8100,0,0.01,Product research,"Hydraulic Pumps",1,1,D,excluded,/series/pvh/,,"Exclude / qualify",,-0.120
pvh replacement,0,0,0,Commercial,"Replacement & Cross-reference",5,5,B,unmentioned,/series/pvh/,,"Add keyword coverage + internal links",/series/pvh/,0.000
pvh supplier,0,0,0,Transactional,"Hydraulic Pumps",5,5,B,body-partial,/series/pvh/,,"Optimize title/H1",/series/pvh/,0.000
pvh parts,0,0,0,Commercial,"Hydraulic Pumps",5,5,B,body-partial,/series/pvh/,,"Optimize title/H1",/series/pvh/,0.000
pvh seal kit,0,0,0,Commercial,"Repair Kits & Service Parts",5,5,B,body-partial,/series/pvh/,,"Optimize title/H1",/series/pvh/,0.000
pvh equivalent,0,0,0,Commercial,"Replacement & Cross-reference",5,5,B,unmentioned,/series/pvh/,,"Add keyword coverage + internal links",/series/pvh/,0.000
mcr,60500,0.53,0.05,Product research,"Hydraulic Motors",1,1,D,excluded,/series/mcr/,,"Exclude / qualify",,-0.324
mcr replacement,260,2.19,0.19,Commercial,"Replacement & Cross-reference",5,5,A,dedicated,/series/mcr/,,"Optimize existing page",/series/mcr/,-0.320
mcr supplier,0,0,0,Transactional,"Hydraulic Motors",5,5,B,body-partial,/series/mcr/,,"Optimize title/H1",/series/mcr/,0.000
mcr parts,10,0,0,Commercial,"Hydraulic Motors",5,5,B,body-partial,/series/mcr/,,"Optimize title/H1",/series/mcr/,0.000
mcr seal kit,0,0,0,Commercial,"Repair Kits & Service Parts",5,5,B,title-partial,/series/mcr/,,"Optimize title/H1",/series/mcr/,0.000
mcr equivalent,0,0,0,Commercial,"Replacement & Cross-reference",5,5,B,unmentioned,/series/mcr/,,"Add keyword coverage + internal links",/series/mcr/,0.000
t6dc,20,0,0.41,Product research,"Hydraulic Pumps",5,5,B,dedicated,/series/t6dc/,,"Optimize existing page",/series/t6dc/,-0.172
t6dc replacement,0,0,0,Commercial,"Replacement & Cross-reference",5,5,B,unmentioned,/series/t6dc/,,"Add keyword coverage + internal links",/series/t6dc/,0.000
t6dc supplier,0,0,0,Transactional,"Hydraulic Pumps",5,5,B,body-partial,/series/t6dc/,,"Optimize title/H1",/series/t6dc/,0.000
t6dc parts,0,0,0,Commercial,"Hydraulic Pumps",5,5,B,body-partial,/series/t6dc/,,"Optimize title/H1",/series/t6dc/,0.000
t6dc seal kit,0,0,0,Commercial,"Repair Kits & Service Parts",5,5,B,body-partial,/series/t6dc/,,"Optimize title/H1",/series/t6dc/,0.000
t6dc equivalent,0,0,0,Commercial,"Replacement & Cross-reference",5,5,B,unmentioned,/series/t6dc/,,"Add keyword coverage + internal links",/series/t6dc/,0.000
t6cc,10,0,0.36,Product research,"Hydraulic Pumps",5,5,B,dedicated,/series/t6cc/,,"Optimize existing page",/series/t6cc/,-0.143
t6cc replacement,0,0,0,Commercial,"Replacement & Cross-reference",5,5,B,body-partial,/series/t6cc/,,"Optimize title/H1",/series/t6cc/,0.000
t6cc supplier,0,0,0,Transactional,"Hydraulic Pumps",5,5,B,body-partial,/series/t6cc/,,"Optimize title/H1",/series/t6cc/,0.000
t6cc parts,0,0,0,Commercial,"Hydraulic Pumps",5,5,B,body-partial,/series/t6cc/,,"Optimize title/H1",/series/t6cc/,0.000
t6cc seal kit,0,0,0,Commercial,"Repair Kits & Service Parts",5,5,B,body-partial,/series/t6cc/,,"Optimize title/H1",/series/t6cc/,0.000
t6cc equivalent,0,0,0,Commercial,"Replacement & Cross-reference",5,5,B,unmentioned,/series/t6cc/,,"Add keyword coverage + internal links",/series/t6cc/,0.000
t6ccm,10,0,0.71,Product research,"Hydraulic Pumps",5,5,B,dedicated,/series/t6ccm/,,"Optimize existing page",/series/t6ccm/,0.000
t6ccm replacement,0,0,0,Commercial,"Replacement & Cross-reference",5,5,B,body-partial,/series/t6ccm/,,"Optimize title/H1",/series/t6ccm/,0.000
t6ccm supplier,0,0,0,Transactional,"Hydraulic Pumps",5,5,B,body-partial,/series/t6ccm/,,"Optimize title/H1",/series/t6ccm/,0.000
t6ccm parts,0,0,0,Commercial,"Hydraulic Pumps",5,5,B,body-partial,/series/t6ccm/,,"Optimize title/H1",/series/t6ccm/,0.000
t6ccm seal kit,0,0,0,Commercial,"Repair Kits & Service Parts",5,5,B,body-partial,/series/t6ccm/,,"Optimize title/H1",/series/t6ccm/,0.000
t6ccm equivalent,0,0,0,Commercial,"Replacement & Cross-reference",5,5,B,unmentioned,/series/t6ccm/,,"Add keyword coverage + internal links",/series/t6ccm/,0.000
t5d,30,0,0.05,Product research,"Technical / Other",1,1,D,excluded,/series/t5d/,,"Exclude / qualify",,0.231
t5d replacement,0,0,0,Commercial,"Replacement & Cross-reference",5,5,B,body-partial,/series/t5d/,,"Optimize title/H1",/series/t5d/,0.000
t5d supplier,0,0,0,Transactional,"Technical / Other",5,5,B,body-partial,/series/t5d/,,"Optimize title/H1",/series/t5d/,0.000
t5d parts,0,0,0,Commercial,"Technical / Other",5,5,B,body-partial,/series/t5d/,,"Optimize title/H1",/series/t5d/,0.000
t5d seal kit,0,0,0,Commercial,"Repair Kits & Service Parts",5,5,B,body-partial,/series/t5d/,,"Optimize title/H1",/series/t5d/,0.000
t5d equivalent,0,0,0,Commercial,"Replacement & Cross-reference",5,5,B,unmentioned,/series/t5d/,,"Add keyword coverage + internal links",/series/t5d/,0.000
m1d,390,0,0,Product research,"Hydraulic Motors",1,1,D,excluded,/series/m1d/,,"Exclude / qualify",,-0.256
m1d replacement,0,0,0,Commercial,"Replacement & Cross-reference",5,5,B,unmentioned,/series/m1d/,,"Add keyword coverage + internal links",/series/m1d/,0.000
m1d supplier,0,0,0,Transactional,"Hydraulic Motors",5,5,B,body-partial,/series/m1d/,,"Optimize title/H1",/series/m1d/,0.000
m1d parts,10,0,0,Commercial,"Hydraulic Motors",5,5,B,body-partial,/series/m1d/,,"Optimize title/H1",/series/m1d/,-1.000
m1d seal kit,0,0,0,Commercial,"Repair Kits & Service Parts",5,5,B,body-partial,/series/m1d/,,"Optimize title/H1",/series/m1d/,0.000
m1d equivalent,0,0,0,Commercial,"Replacement & Cross-reference",5,5,B,unmentioned,/series/m1d/,,"Add keyword coverage + internal links",/series/m1d/,0.000
tmb,18100,3.67,0,Product research,"Hydraulic Motors",1,1,D,excluded,/series/tmb/,,"Exclude / qualify",,0.182
tmb replacement,0,0,0,Commercial,"Replacement & Cross-reference",5,5,B,unmentioned,/series/tmb/,,"Add keyword coverage + internal links",/series/tmb/,0.000
tmb supplier,0,0,0,Transactional,"Hydraulic Motors",5,5,B,body-partial,/series/tmb/,,"Optimize title/H1",/series/tmb/,0.000
tmb parts,10,0,0,Commercial,"Hydraulic Motors",5,5,B,body-partial,/series/tmb/,,"Optimize title/H1",/series/tmb/,0.000
tmb seal kit,0,0,0,Commercial,"Repair Kits & Service Parts",5,5,B,body-partial,/series/tmb/,,"Optimize title/H1",/series/tmb/,0.000
tmb equivalent,0,0,0,Commercial,"Replacement & Cross-reference",5,5,B,unmentioned,/series/tmb/,,"Add keyword coverage + internal links",/series/tmb/,0.000
4we6,20,0,0.95,Product research,"Hydraulic Valves",5,5,B,dedicated,/series/4we6/,,"Optimize existing page",/series/4we6/,0.241
4we6 replacement,0,0,0,Commercial,"Replacement & Cross-reference",5,5,B,unmentioned,/series/4we6/,,"Add keyword coverage + internal links",/series/4we6/,0.000
4we6 supplier,0,0,0,Transactional,"Hydraulic Valves",5,5,B,body-partial,/series/4we6/,,"Optimize title/H1",/series/4we6/,0.000
4we6 parts,0,0,0,Commercial,"Hydraulic Valves",5,5,B,body-partial,/series/4we6/,,"Optimize title/H1",/series/4we6/,0.000
4we6 seal kit,0,0,0,Commercial,"Repair Kits & Service Parts",5,5,B,unmentioned,/series/4we6/,,"Add keyword coverage + internal links",/series/4we6/,0.000
4we6 equivalent,0,0,0,Commercial,"Replacement & Cross-reference",5,5,B,unmentioned,/series/4we6/,,"Add keyword coverage + internal links",/series/4we6/,0.000
4we10,10,0,0.11,Product research,"Hydraulic Valves",5,5,B,body-only,/models/bosch-rexroth-4we10-e5x-eg24n9k4-m/,,"Optimize title/H1",/models/bosch-rexroth-4we10-e5x-eg24n9k4-m/,-0.200
4we10 replacement,0,0,0,Commercial,"Replacement & Cross-reference",5,5,C,body-only,/models/bosch-rexroth-4we10-e5x-eg24n9k4-m/,,"Optimize title/H1",/models/bosch-rexroth-4we10-e5x-eg24n9k4-m/,0.000
4we10 supplier,0,0,0,Transactional,"Hydraulic Valves",5,5,B,unmentioned,/models/bosch-rexroth-4we10-e5x-eg24n9k4-m/,,"Add keyword coverage + internal links",/models/bosch-rexroth-4we10-e5x-eg24n9k4-m/,0.000
4we10 parts,0,0,0,Commercial,"Hydraulic Valves",5,5,B,body-partial,/models/bosch-rexroth-4we10-e5x-eg24n9k4-m/,,"Optimize title/H1",/models/bosch-rexroth-4we10-e5x-eg24n9k4-m/,0.000
4we10 seal kit,0,0,0,Commercial,"Repair Kits & Service Parts",5,5,B,unmentioned,/models/bosch-rexroth-4we10-e5x-eg24n9k4-m/,,"Add keyword coverage + internal links",/models/bosch-rexroth-4we10-e5x-eg24n9k4-m/,0.000
4we10 equivalent,0,0,0,Commercial,"Replacement & Cross-reference",5,5,B,unmentioned,/models/bosch-rexroth-4we10-e5x-eg24n9k4-m/,,"Add keyword coverage + internal links",/models/bosch-rexroth-4we10-e5x-eg24n9k4-m/,0.000
dg4v,70,1.54,0.67,Product research,"Hydraulic Valves",1,1,D,excluded,/series/dg4v/,,"Exclude / qualify",,-0.571
dg4v replacement,0,0,0,Commercial,"Replacement & Cross-reference",5,5,B,unmentioned,/series/dg4v/,,"Add keyword coverage + internal links",/series/dg4v/,0.000
dg4v supplier,0,0,0,Transactional,"Hydraulic Valves",5,5,B,body-partial,/series/dg4v/,,"Optimize title/H1",/series/dg4v/,0.000
dg4v parts,0,0,0,Commercial,"Hydraulic Valves",5,5,B,body-partial,/series/dg4v/,,"Optimize title/H1",/series/dg4v/,0.000
dg4v seal kit,0,0,0,Commercial,"Repair Kits & Service Parts",5,5,B,unmentioned,/series/dg4v/,,"Add keyword coverage + internal links",/series/dg4v/,0.000
dg4v equivalent,0,0,0,Commercial,"Replacement & Cross-reference",5,5,B,unmentioned,/series/dg4v/,,"Add keyword coverage + internal links",/series/dg4v/,0.000
d1vw,40,0,0.17,Product research,"Hydraulic Valves",1,1,D,excluded,/series/d1vw/,,"Exclude / qualify",,-0.265
d1vw replacement,0,0,0,Commercial,"Replacement & Cross-reference",5,5,B,unmentioned,/series/d1vw/,,"Add keyword coverage + internal links",/series/d1vw/,0.000
d1vw supplier,0,0,0,Transactional,"Hydraulic Valves",5,5,B,body-partial,/series/d1vw/,,"Optimize title/H1",/series/d1vw/,0.000
d1vw parts,0,0,0,Commercial,"Hydraulic Valves",5,5,B,body-partial,/series/d1vw/,,"Optimize title/H1",/series/d1vw/,0.000
d1vw seal kit,0,0,0,Commercial,"Repair Kits & Service Parts",5,5,B,unmentioned,/series/d1vw/,,"Add keyword coverage + internal links",/series/d1vw/,0.000
d1vw equivalent,0,0,0,Commercial,"Replacement & Cross-reference",5,5,B,unmentioned,/series/d1vw/,,"Add keyword coverage + internal links",/series/d1vw/,0.000
pavc,480,0,0,Product research,"Hydraulic Pumps",1,1,D,excluded,/series/pavc/,,"Exclude / qualify",,-0.375
pavc replacement,0,0,0,Commercial,"Replacement & Cross-reference",5,5,B,body-partial,/series/pavc/,,"Optimize title/H1",/series/pavc/,0.000
pavc supplier,0,0,0,Transactional,"Hydraulic Pumps",5,5,B,body-partial,/series/pavc/,,"Optimize title/H1",/series/pavc/,0.000
pavc parts,0,0,0,Commercial,"Hydraulic Pumps",5,5,B,body-partial,/series/pavc/,,"Optimize title/H1",/series/pavc/,0.000
pavc seal kit,0,0,0,Commercial,"Repair Kits & Service Parts",5,5,B,unmentioned,/series/pavc/,,"Add keyword coverage + internal links",/series/pavc/,0.000
pavc equivalent,0,0,0,Commercial,"Replacement & Cross-reference",5,5,B,unmentioned,/series/pavc/,,"Add keyword coverage + internal links",/series/pavc/,0.000
4we 6 d6x/eg24n9k4,0,0,0,Product research,"Technical / Other",5,5,C,dedicated,/models/bosch-rexroth-4we6-d6x-eg24n9k4/,,"Optimize existing page",/models/bosch-rexroth-4we6-d6x-eg24n9k4/,0.000
4we 6 d6x/eg24n9k4 replacement,0,0,0,Commercial,"Replacement & Cross-reference",5,5,B,body-partial,/models/bosch-rexroth-4we6-d6x-eg24n9k4/,,"Optimize title/H1",/models/bosch-rexroth-4we6-d6x-eg24n9k4/,0.000
4we 6 d6x/eg24n9k4 seal kit,0,0,0,Commercial,"Repair Kits & Service Parts",5,5,B,unmentioned,/models/bosch-rexroth-4we6-d6x-eg24n9k4/,,"Add keyword coverage + internal links",/models/bosch-rexroth-4we6-d6x-eg24n9k4/,0.000
4we 6 d6x/eg24n9k4 supplier,0,0,0,Transactional,"Technical / Other",5,5,B,unmentioned,/models/bosch-rexroth-4we6-d6x-eg24n9k4/,,"Add keyword coverage + internal links",/models/bosch-rexroth-4we6-d6x-eg24n9k4/,0.000
4we 10 e5x/eg24n9k4/m,0,0,0,Product research,"Technical / Other",5,5,C,dedicated,/models/bosch-rexroth-4we10-e5x-eg24n9k4-m/,,"Optimize existing page",/models/bosch-rexroth-4we10-e5x-eg24n9k4-m/,0.000
4we 10 e5x/eg24n9k4/m replacement,0,0,0,Commercial,"Replacement & Cross-reference",5,5,B,unmentioned,/models/bosch-rexroth-4we10-e5x-eg24n9k4-m/,,"Add keyword coverage + internal links",/models/bosch-rexroth-4we10-e5x-eg24n9k4-m/,0.000
4we 10 e5x/eg24n9k4/m seal kit,0,0,0,Commercial,"Repair Kits & Service Parts",5,5,B,unmentioned,/models/bosch-rexroth-4we10-e5x-eg24n9k4-m/,,"Add keyword coverage + internal links",/models/bosch-rexroth-4we10-e5x-eg24n9k4-m/,0.000
4we 10 e5x/eg24n9k4/m supplier,0,0,0,Transactional,"Technical / Other",5,5,B,unmentioned,/models/bosch-rexroth-4we10-e5x-eg24n9k4-m/,,"Add keyword coverage + internal links",/models/bosch-rexroth-4we10-e5x-eg24n9k4-m/,0.000
a10vso 18 drg/31r-vpa12n00,0,0,0,Product research,"Hydraulic Pumps",5,5,C,dedicated,/models/bosch-rexroth-a10vso18-drg-31r-vpa12n00/,,"Optimize existing page",/models/bosch-rexroth-a10vso18-drg-31r-vpa12n00/,0.000
a10vso 18 drg/31r-vpa12n00 replacement,0,0,0,Commercial,"Replacement & Cross-reference",5,5,B,body-partial,/models/bosch-rexroth-a10vso18-drg-31r-vpa12n00/,,"Optimize title/H1",/models/bosch-rexroth-a10vso18-drg-31r-vpa12n00/,0.000
a10vso 18 drg/31r-vpa12n00 seal kit,0,0,0,Commercial,"Repair Kits & Service Parts",5,5,B,body-partial,/models/bosch-rexroth-a10vso18-drg-31r-vpa12n00/,,"Optimize title/H1",/models/bosch-rexroth-a10vso18-drg-31r-vpa12n00/,0.000
a10vso 18 drg/31r-vpa12n00 supplier,0,0,0,Transactional,"Hydraulic Pumps",5,5,B,body-partial,/models/bosch-rexroth-a10vso18-drg-31r-vpa12n00/,,"Optimize title/H1",/models/bosch-rexroth-a10vso18-drg-31r-vpa12n00/,0.000
dg4v-3-6c-m-u-h7-60,10,0,0,Product research,"Hydraulic Valves",5,5,B,dedicated,/models/eaton-vickers-dg4v-3-6c-m-u-h7-60/,,"Optimize existing page",/models/eaton-vickers-dg4v-3-6c-m-u-h7-60/,-1.000
dg4v-3-6c-m-u-h7-60 replacement,0,0,0,Commercial,"Replacement & Cross-reference",5,5,B,unmentioned,/models/eaton-vickers-dg4v-3-6c-m-u-h7-60/,,"Add keyword coverage + internal links",/models/eaton-vickers-dg4v-3-6c-m-u-h7-60/,0.000
dg4v-3-6c-m-u-h7-60 seal kit,0,0,0,Commercial,"Repair Kits & Service Parts",5,5,B,unmentioned,/models/eaton-vickers-dg4v-3-6c-m-u-h7-60/,,"Add keyword coverage + internal links",/models/eaton-vickers-dg4v-3-6c-m-u-h7-60/,0.000
dg4v-3-6c-m-u-h7-60 supplier,0,0,0,Transactional,"Hydraulic Valves",5,5,B,unmentioned,/models/eaton-vickers-dg4v-3-6c-m-u-h7-60/,,"Add keyword coverage + internal links",/models/eaton-vickers-dg4v-3-6c-m-u-h7-60/,0.000
d1vw020bnjw,40,2.09,1,Product research,"Technical / Other",5,5,A,dedicated,/models/parker-d1vw020bnjw/,,"Optimize existing page",/models/parker-d1vw020bnjw/,0.067
d1vw020bnjw replacement,0,0,0,Commercial,"Replacement & Cross-reference",5,5,B,body-partial,/models/parker-d1vw020bnjw/,,"Optimize title/H1",/models/parker-d1vw020bnjw/,0.000
d1vw020bnjw seal kit,0,0,0,Commercial,"Repair Kits & Service Parts",5,5,B,unmentioned,/models/parker-d1vw020bnjw/,,"Add keyword coverage + internal links",/models/parker-d1vw020bnjw/,0.000
d1vw020bnjw supplier,0,0,0,Transactional,"Technical / Other",5,5,B,body-partial,/models/parker-d1vw020bnjw/,,"Optimize title/H1",/models/parker-d1vw020bnjw/,0.000
a10vo28dr/31r-psc61k40,0,0,0,Product research,"Hydraulic Pumps",3,4,C,gap,,,"Create landing page",,0.000
a10vo28dr/31r-psc61k40 replacement,0,0,0,Commercial,"Replacement & Cross-reference",3,5,B,gap,,,"Create landing page",,0.000
a10vo28dr/31r-psc61k40 seal kit,0,0,0,Commercial,"Repair Kits & Service Parts",5,5,B,unmentioned,/products/hydraulic-repair-kits/,,"Add keyword coverage + internal links",/products/hydraulic-repair-kits/,0.000
a10vo28dr/31r-psc61k40 supplier,0,0,0,Transactional,"Hydraulic Pumps",3,5,B,gap,,,"Create landing page",,0.000
02-102262,0,0,0,Product research,"Technical / Other",3,4,C,gap,,,"Create landing page",,0.000
02-102262 replacement,0,0,0,Commercial,"Replacement & Cross-reference",3,5,B,gap,,,"Create landing page",,0.000
02-102262 seal kit,0,0,0,Commercial,"Repair Kits & Service Parts",5,5,B,unmentioned,/products/hydraulic-repair-kits/,,"Add keyword coverage + internal links",/products/hydraulic-repair-kits/,0.000
02-102262 supplier,0,0,0,Transactional,"Technical / Other",3,5,B,gap,,,"Create landing page",,0.000
02-102264,0,0,0,Product research,"Technical / Other",3,4,C,gap,,,"Create landing page",,0.000
02-102264 replacement,0,0,0,Commercial,"Replacement & Cross-reference",3,5,B,gap,,,"Create landing page",,0.000
02-102264 seal kit,0,0,0,Commercial,"Repair Kits & Service Parts",5,5,B,unmentioned,/products/hydraulic-repair-kits/,,"Add keyword coverage + internal links",/products/hydraulic-repair-kits/,0.000
02-102264 supplier,0,0,0,Transactional,"Technical / Other",3,5,B,gap,,,"Create landing page",,0.000
rsap2d12,0,0,0,Product research,"Technical / Other",3,4,C,gap,,,"Create landing page",,0.000
rsap2d12 replacement,0,0,0,Commercial,"Replacement & Cross-reference",3,5,B,gap,,,"Create landing page",,0.000
rsap2d12 seal kit,0,0,0,Commercial,"Repair Kits & Service Parts",5,5,B,title-partial,/products/hydraulic-repair-kits/,,"Optimize title/H1",/products/hydraulic-repair-kits/,0.000
rsap2d12 supplier,0,0,0,Transactional,"Technical / Other",3,5,B,gap,,,"Create landing page",,0.000
r909152493,0,0,0,Product research,"Technical / Other",3,4,C,gap,,,"Create landing page",,0.000
r909152493 replacement,0,0,0,Commercial,"Replacement & Cross-reference",3,5,B,gap,,,"Create landing page",,0.000
r909152493 seal kit,0,0,0,Commercial,"Repair Kits & Service Parts",5,5,B,title-partial,/products/hydraulic-repair-kits/,,"Optimize title/H1",/products/hydraulic-repair-kits/,0.000
r909152493 supplier,0,0,0,Transactional,"Technical / Other",3,5,B,gap,,,"Create landing page",,0.000
r910185973,0,0,0,Product research,"Technical / Other",3,4,C,gap,,,"Create landing page",,0.000
r910185973 replacement,0,0,0,Commercial,"Replacement & Cross-reference",3,5,B,gap,,,"Create landing page",,0.000
r910185973 seal kit,0,0,0,Commercial,"Repair Kits & Service Parts",5,5,B,title-partial,/products/hydraulic-repair-kits/,,"Optimize title/H1",/products/hydraulic-repair-kits/,0.000
r910185973 supplier,0,0,0,Transactional,"Technical / Other",3,5,B,gap,,,"Create landing page",,0.000
mcr03,10,0,0.05,Product research,"Technical / Other",3,4,B,gap,,,"Create landing page",,0.091
mcr03 replacement,0,0,0,Commercial,"Replacement & Cross-reference",3,5,B,gap,,,"Create landing page",,0.000
mcr03 seal kit,0,0,0,Commercial,"Repair Kits & Service Parts",5,5,B,title-partial,/products/hydraulic-repair-kits/,,"Optimize title/H1",/products/hydraulic-repair-kits/,0.000
mcr03 supplier,0,0,0,Transactional,"Technical / Other",3,5,B,gap,,,"Create landing page",,0.000
169-4883 / 259-0815 / 295-9426 / 153-9426 / 10r3805,0,0,0,Product research,"Technical / Other",3,4,C,gap,,,"Create landing page",,0.000
169-4883 / 259-0815 / 295-9426 / 153-9426 / 10r3805 replacement,0,0,0,Commercial,"Replacement & Cross-reference",3,5,B,gap,,,"Create landing page",,0.000
169-4883 / 259-0815 / 295-9426 / 153-9426 / 10r3805 seal kit,0,0,0,Commercial,"Repair Kits & Service Parts",5,5,B,unmentioned,/products/hydraulic-repair-kits/,,"Add keyword coverage + internal links",/products/hydraulic-repair-kits/,0.000
169-4883 / 259-0815 / 295-9426 / 153-9426 / 10r3805 supplier,0,0,0,Transactional,"Technical / Other",3,5,B,gap,,,"Create landing page",,0.000
hydraulic pump cross reference,10,1.81,0.76,Commercial,"Replacement & Cross-reference",5,5,A,unmentioned,/cross-reference/,,"Add keyword coverage + internal links",/cross-reference/,0.600
hydraulic motor cross reference,10,0,0.4,Commercial,"Replacement & Cross-reference",5,5,B,unmentioned,/cross-reference/,,"Add keyword coverage + internal links",/cross-reference/,-0.200
hydraulic valve cross reference,10,0,0.24,Commercial,"Replacement & Cross-reference",5,5,B,unmentioned,/cross-reference/,,"Add keyword coverage + internal links",/cross-reference/,0.000
hydraulic pump equivalent,0,0,0,Commercial,"Replacement & Cross-reference",5,5,B,unmentioned,/products/hydraulic-pumps/,,"Add keyword coverage + internal links",/products/hydraulic-pumps/,0.000
hydraulic motor equivalent,0,0,0,Commercial,"Replacement & Cross-reference",5,5,B,unmentioned,/products/hydraulic-motors/,,"Add keyword coverage + internal links",/products/hydraulic-motors/,0.000
hydraulic valve equivalent,0,0,0,Commercial,"Replacement & Cross-reference",5,5,B,unmentioned,/products/hydraulic-valves/,,"Add keyword coverage + internal links",/products/hydraulic-valves/,0.000
obsolete hydraulic pump replacement,0,0,0,Commercial,"Replacement & Cross-reference",5,5,B,body-partial,/products/hydraulic-pumps/,,"Optimize title/H1",/products/hydraulic-pumps/,0.000
obsolete hydraulic valve replacement,0,0,0,Commercial,"Replacement & Cross-reference",5,5,B,body-partial,/products/hydraulic-valves/,,"Optimize title/H1",/products/hydraulic-valves/,0.000
discontinued hydraulic pump replacement,0,0,0,Commercial,"Replacement & Cross-reference",5,5,B,body-partial,/products/hydraulic-pumps/,,"Optimize title/H1",/products/hydraulic-pumps/,0.000
aftermarket hydraulic pump supplier,0,0,0,Transactional,"Replacement & Cross-reference",5,5,B,title-partial,/products/hydraulic-pumps/,,"Optimize title/H1",/products/hydraulic-pumps/,0.000
aftermarket hydraulic motor supplier,0,0,0,Transactional,"Replacement & Cross-reference",5,5,B,title-partial,/products/hydraulic-motors/,,"Optimize title/H1",/products/hydraulic-motors/,0.000
aftermarket hydraulic valve supplier,0,0,0,Transactional,"Replacement & Cross-reference",5,5,B,title-partial,/products/hydraulic-valves/,,"Optimize title/H1",/products/hydraulic-valves/,0.000
hydraulic pump distributor,10,2.67,0.96,Transactional,"Hydraulic Pumps",5,5,A,body-partial,/products/hydraulic-pumps/,,"Optimize title/H1",/products/hydraulic-pumps/,-0.368
hydraulic motor distributor,30,5.51,1,Transactional,"Hydraulic Motors",5,5,A,body-partial,/products/hydraulic-motors/,,"Optimize title/H1",/products/hydraulic-motors/,-0.636
hydraulic valve distributor,20,0,0.89,Transactional,"Hydraulic Valves",5,5,B,body-partial,/products/hydraulic-valves/,,"Optimize title/H1",/products/hydraulic-valves/,-0.429
hydraulic pump price,140,1.24,0.63,Transactional,"Hydraulic Pumps",5,5,A,body-only,/products/hydraulic-pumps/,,"Optimize title/H1",/products/hydraulic-pumps/,-0.285
hydraulic motor price,20,0,0.94,Transactional,"Hydraulic Motors",5,5,B,unmentioned,/products/hydraulic-motors/,,"Add keyword coverage + internal links",/products/hydraulic-motors/,0.263
hydraulic valve price,10,0,0.67,Transactional,"Hydraulic Valves",5,5,B,unmentioned,/products/hydraulic-valves/,,"Add keyword coverage + internal links",/products/hydraulic-valves/,0.200
hydraulic pump quote,0,0,0,Transactional,"Hydraulic Pumps",5,5,B,unmentioned,/products/hydraulic-pumps/,,"Add keyword coverage + internal links",/products/hydraulic-pumps/,0.000
hydraulic motor quote,0,0,0,Transactional,"Hydraulic Motors",5,5,B,unmentioned,/products/hydraulic-motors/,,"Add keyword coverage + internal links",/products/hydraulic-motors/,0.000
hydraulic valve quote,0,0,0,Transactional,"Hydraulic Valves",5,5,B,unmentioned,/products/hydraulic-valves/,,"Add keyword coverage + internal links",/products/hydraulic-valves/,0.000
hydraulic pump model identification,0,0,0,Informational,"Hydraulic Pumps",5,2,D,body-partial,/cross-reference/,,"Optimize title/H1",/cross-reference/,0.000
hydraulic motor model identification,0,0,0,Informational,"Hydraulic Motors",5,2,D,body-partial,/cross-reference/,,"Optimize title/H1",/cross-reference/,0.000
hydraulic valve model identification,0,0,0,Informational,"Hydraulic Valves",5,2,D,body-partial,/cross-reference/,,"Optimize title/H1",/cross-reference/,0.000
how to identify hydraulic pump model,0,0,0,Informational,"Hydraulic Pumps",5,2,D,body-partial,/products/hydraulic-pumps/,,"Optimize title/H1",/products/hydraulic-pumps/,0.000
how to read hydraulic valve model code,0,0,0,Informational,"Hydraulic Valves",5,2,D,body-partial,/cross-reference/,,"Optimize title/H1",/cross-reference/,0.000
hydraulic pump nameplate identification,0,0,0,Informational,"Hydraulic Pumps",5,2,D,body-partial,/cross-reference/,,"Optimize title/H1",/cross-reference/,0.000
hydraulic pump rotation identification,0,0,0,Informational,"Hydraulic Pumps",5,2,D,body-partial,/products/hydraulic-pumps/,,"Optimize title/H1",/products/hydraulic-pumps/,0.000
hydraulic pump flange identification,0,0,0,Informational,"Hydraulic Pumps",5,2,D,body-partial,/products/hydraulic-pumps/,,"Optimize title/H1",/products/hydraulic-pumps/,0.000
hydraulic pump shaft identification,0,0,0,Informational,"Hydraulic Pumps",5,2,D,body-partial,/products/hydraulic-pumps/,,"Optimize title/H1",/products/hydraulic-pumps/,0.000
hydraulic pump seal kit supplier,0,0,0,Transactional,"Repair Kits & Service Parts",5,5,B,title-partial,/products/hydraulic-repair-kits/,,"Optimize title/H1",/products/hydraulic-repair-kits/,0.000
hydraulic motor seal kit supplier,0,0,0,Transactional,"Repair Kits & Service Parts",5,5,B,title-partial,/products/hydraulic-repair-kits/,,"Optimize title/H1",/products/hydraulic-repair-kits/,0.000
hydraulic pump repair parts supplier,0,0,0,Transactional,"Repair Kits & Service Parts",5,5,B,title-partial,/products/hydraulic-repair-kits/,,"Optimize title/H1",/products/hydraulic-repair-kits/,0.000
hydraulic motor repair parts supplier,0,0,0,Transactional,"Repair Kits & Service Parts",5,5,B,title-partial,/products/hydraulic-repair-kits/,,"Optimize title/H1",/products/hydraulic-repair-kits/,0.000