month,title,cluster,target_url,keyword_target,priority,status
2026-01,Fixed vs Variable Displacement Hydraulic Pumps,comparison,https://hydraulicmatch.com/resources/blog/fixed-vs-variable-displacement-pump/,long-tail,A,published
2026-01,Gear vs Piston vs Vane Hydraulic Pump,comparison,https://hydraulicmatch.com/resources/blog/gear-vs-piston-vs-vane-pump/,long-tail,A,published
2026-01,How to Measure a Hydraulic Cylinder for Replacement,technical,https://hydraulicmatch.com/resources/blog/measure-hydraulic-cylinder-replacement/,long-tail,A,published
2026-01,Hydraulic Cylinder Drift: Common Causes,technical,https://hydraulicmatch.com/resources/blog/hydraulic-cylinder-drift-causes/,long-tail,A,published
2026-02,Hydraulic Pump Noise Diagnosis,technical,https://hydraulicmatch.com/resources/blog/hydraulic-pump-noise-diagnosis/,long-tail,A,published
2026-02,Hydraulic System Overheating: Causes and Checks,technical,https://hydraulicmatch.com/resources/blog/hydraulic-system-overheating/,long-tail,A,published
2026-02,Hydraulic Oil Contamination and Filtration Basics,technical,https://hydraulicmatch.com/resources/blog/hydraulic-oil-contamination-filtration/,long-tail,A,published
2026-02,How to Choose a Hydraulic Seal Kit,technical,https://hydraulicmatch.com/resources/blog/choose-hydraulic-seal-kit/,hydraulic seal kit,A,published
2026-03,Hydraulic Valve Spool Types Explained,technical,https://hydraulicmatch.com/resources/blog/hydraulic-valve-spool-types/,long-tail,A,planned
2026-03,Pilot-Operated Check Valves: Function and Sizing,technical,https://hydraulicmatch.com/resources/blog/pilot-operated-check-valve/,long-tail,A,planned
2026-03,How to Specify a Custom Hydraulic Cylinder,sourcing,https://hydraulicmatch.com/resources/blog/specify-custom-hydraulic-cylinder/,custom hydraulic cylinder,A,planned
2026-03,Hydraulic Motor Torque and Speed Selection,technical,https://hydraulicmatch.com/resources/blog/hydraulic-motor-torque-speed/,long-tail,A,planned
2026-04,Understanding Hydraulic Pump Displacement,technical,https://hydraulicmatch.com/resources/blog/hydraulic-pump-displacement/,long-tail,B,planned
2026-04,How to Prepare a Hydraulic Parts RFQ,sourcing,https://hydraulicmatch.com/resources/blog/prepare-hydraulic-parts-rfq/,long-tail,B,planned
2026-04,MOQ and Lead Time in Hydraulic Sourcing,sourcing,https://hydraulicmatch.com/resources/blog/moq-lead-time-hydraulic-sourcing/,long-tail,B,planned
2026-04,Incoterms for Hydraulic Parts Import,sourcing,https://hydraulicmatch.com/resources/blog/incoterms-hydraulic-import/,long-tail,B,planned
2026-05,Rexroth 4WE6 Valve Replacement Guide,brand,https://hydraulicmatch.com/resources/blog/rexroth-4we6-valve-guide/,4we6,B,planned
2026-05,Vickers DG4V Directional Valve Guide,brand,https://hydraulicmatch.com/resources/blog/vickers-dg4v-guide/,dg4v,B,planned
2026-05,Parker D1VW Valve Guide,brand,https://hydraulicmatch.com/resources/blog/parker-d1vw-guide/,d1vw,B,planned
2026-05,Denison T6 Vane Pump Family Guide,brand,https://hydraulicmatch.com/resources/blog/denison-t6-vane-pump-guide/,t6,B,planned
2026-06,Kawasaki K3V Excavator Pump Guide,brand,https://hydraulicmatch.com/resources/blog/kawasaki-k3v-pump-guide/,kawasaki,B,planned
2026-06,Hydraulic Pump Through-Drive Explained,technical,https://hydraulicmatch.com/resources/blog/hydraulic-pump-through-drive/,long-tail,B,planned
2026-06,Closed vs Open Circuit Hydraulics,technical,https://hydraulicmatch.com/resources/blog/closed-vs-open-circuit/,long-tail,B,planned
2026-06,Hydraulic Fluid Types and Selection,technical,https://hydraulicmatch.com/resources/blog/hydraulic-fluid-types-selection/,long-tail,B,planned
2026-07,Hydraulic System Flushing Procedure,technical,https://hydraulicmatch.com/resources/blog/hydraulic-system-flushing/,long-tail,C,planned
2026-07,Hydraulic Accumulator Basics,technical,https://hydraulicmatch.com/resources/blog/hydraulic-accumulator-basics/,long-tail,C,planned
2026-07,Hydraulic Hose and Fitting Identification,technical,https://hydraulicmatch.com/resources/blog/hydraulic-hose-fitting-identification/,long-tail,C,planned
2026-07,Pressure-Compensated Flow Control Valves,technical,https://hydraulicmatch.com/resources/blog/pressure-compensated-flow-control/,long-tail,C,planned
2026-08,Load Sensing Hydraulics Explained,technical,https://hydraulicmatch.com/resources/blog/load-sensing-hydraulics/,long-tail,C,planned
2026-08,Hydraulic Motor Brake Systems,technical,https://hydraulicmatch.com/resources/blog/hydraulic-motor-brake-systems/,long-tail,C,planned
2026-08,Swing Drive Hydraulics for Excavators,industry,https://hydraulicmatch.com/resources/blog/swing-drive-excavator-hydraulics/,long-tail,C,planned
2026-08,Hydraulic Pump Shaft Seal Replacement,technical,https://hydraulicmatch.com/resources/blog/hydraulic-pump-shaft-seal/,long-tail,C,planned
2026-09,How to Test a Hydraulic Pump,technical,https://hydraulicmatch.com/resources/blog/test-hydraulic-pump/,long-tail,C,planned
2026-09,Hydraulic Cylinder Mounting Types,technical,https://hydraulicmatch.com/resources/blog/hydraulic-cylinder-mounting-types/,long-tail,C,planned
2026-09,Hydraulic Filter Element Cross Reference,technical,https://hydraulicmatch.com/resources/blog/hydraulic-filter-cross-reference/,long-tail,C,planned
2026-09,Marine Hydraulic Parts Sourcing,industry,https://hydraulicmatch.com/resources/blog/marine-hydraulic-parts-sourcing/,long-tail,C,planned
2026-10,Agricultural Hydraulic Parts Sourcing,industry,https://hydraulicmatch.com/resources/blog/agricultural-hydraulic-parts/,long-tail,C,planned
2026-10,Injection Molding Machine Hydraulics,industry,https://hydraulicmatch.com/resources/blog/injection-molding-machine-hydraulics/,long-tail,C,planned
2026-10,Hydraulic Press Maintenance Guide,industry,https://hydraulicmatch.com/resources/blog/hydraulic-press-maintenance/,long-tail,C,planned
2026-10,Sourcing Hydraulic Parts for Older Machines,sourcing,https://hydraulicmatch.com/resources/blog/obsolete-machine-hydraulic-parts/,long-tail,C,planned
2026-11,Hydraulic Parts Warranty and Returns,sourcing,https://hydraulicmatch.com/resources/blog/hydraulic-warranty-returns/,long-tail,C,planned
2026-11,Packaging and Export Prep for Hydraulic Parts,sourcing,https://hydraulicmatch.com/resources/blog/hydraulic-export-packaging/,long-tail,C,planned
2026-11,How to Read Hydraulic Component Datasheets,technical,https://hydraulicmatch.com/resources/blog/read-hydraulic-datasheets/,long-tail,C,planned
2026-11,Hydraulic Pump vs Motor: What Each Does,technical,https://hydraulicmatch.com/resources/blog/hydraulic-pump-vs-motor/,long-tail,C,planned
2026-12,Hydraulic Oil Cooler Selection,technical,https://hydraulicmatch.com/resources/blog/hydraulic-oil-cooler-selection/,long-tail,C,planned
2026-12,Hydraulic Reservoir Design Basics,technical,https://hydraulicmatch.com/resources/blog/hydraulic-reservoir-basics/,long-tail,C,planned
2026-12,Common Hydraulic Symbols Quick Reference,technical,https://hydraulicmatch.com/resources/blog/hydraulic-symbols-quick-reference/,long-tail,C,planned
2026-12,Hydraulic Component Storage and Shelf Life,sourcing,https://hydraulicmatch.com/resources/blog/hydraulic-storage-shelf-life/,long-tail,C,planned